  Language_ISO639;fr
  Author_Email;Info@MediaArea.net
  Author_Name;Zen, Need74
  Author_OldNames;Traducteur initial
  Language_Name;Français
  Config_Text_ColumnSize;40
  Config_Text_Separator; : 
  Config_Text_NumberTag; #
  Config_Text_FloatSeparator;,
  Config_Text_ThousandsSeparator; 
 audio stream1; flux audio
 audio stream2; flux audio
 audio stream3; flux audio
 bit1; bit
 bit2; bits
 bit3; bits
 bps; b/s
 Bps; O/s
 Byte1; Octet
 Byte2; Octets
 Byte3; Octets
 channel1; canal
 channel2; canaux
 channel3; canaux
 chapter1; chapitre
 chapter2; chapitres
 chapter3; chapitres
 chapters stream1; flux de chapitres
 chapters stream2; flux de chapitres
 chapters stream3; flux de chapitres
 character1; personnage
 character2; personnages
 character3; personnages
 day1; jour
 day2; jours
 day3; jours
 dB0;
 dB1; dB
 dB2; dB
 dB3; dB
 file1; fichier
 file2; fichiers
 file3; fichiers
 fps1; img/s
 fps2; img/s
 fps3; img/s
 frame1; image
 frame2; images
 frame3; images
 GB; Go
 Gb; Gb
 Gbps; Gb/s
 GBps; Go/s
 GHz; GHz
 GiB; Gio
 GibiByte1; GibiOctets
 GibiByte2; GibiOctets
 GibiByte3; GibiOctets
 GiBps; Gio/s
 GigaBit1; GigaBit
 GigaBit2; GigaBits
 GigaBit3; GigaBits
 GigaByte1; GigaOctet
 GigaByte2; GigaOctets
 GigaByte3; GigaOctets
 hour1; heure
 hour2; heures
 hour3; heures
 Hz; Hz
 image stream1; flux image
 image stream2; flux images
 image stream3; flux images
 KB; ko
 Kb; kb
 KBps; ko/s
 Kbps; kb/s
 KHz; kHz
 KiB; Kio
 KibiBit1; KibiBit
 KibiBit2; KibiBits
 KibiBit3; KibiBits
 KibiByte1; KibiOctet
 KibiByte2; KibiOctets
 KibiByte3; KibiOctets
 KiBps; Kio/s
 KiloBit1; KiloBit
 KiloBit2; KiloBits
 KiloBit3; KiloBits
 KiloByte1; KiloOctet
 KiloByte2; KiloOctets
 KiloByte3; KiloOctets
 MB; Mo
 Mb; Mb
 Mbps; Mb/s
 MBps; Mo/s
 MebiBit1; MebiBit
 MebiBit2; MebiBits
 MebiBit3; MebiBits
 MebiByte1; MebiOctet
 MebiByte2; MebiOctets
 MebiByte3; MebiOctets
 MegaBit1; MegaBit
 MegaBit2; MegaBits
 MegaBit3; MegaBits
 MegaByte1; MegaOctet
 MegaByte2; MegaOctets
 MegaByte3; MegaOctets
 MHz; MHz
 MiB; Mio
 Mib; Mib
 MiBps; Mio/s
 millisecond1; milliseconde
 millisecond2; millisecondes
 millisecond3; millisecondes
 minute1; minute
 minute2; minutes
 minute3; minutes
 month1; mois
 month2; mois
 month3; mois
 object1;
 object2;
 object3;
 pixel1; pixel
 pixel2; pixels
 pixel3; pixels
 second1; seconde
 second2; secondes
 second3; secondes
 slice per frame1;
 slice per frame2;
 slice per frame3;
 text stream1; sous-titre
 text stream2; sous-titres
 text stream3; sous-titres
 video frames1; image vidéo
 video frames2; images vidéo
 video frames3; images vidéo
 video stream1; flux vidéo
 video stream2; flux vidéo
 video stream3; flux vidéo
 warppoint0;Pas de warppoint
 warppoint1; warppoint
 warppoint2; warppoints
 warppoint3; warppoints
 week1; semaine
 week2; semaines
 week3; semaines
 year1; année
 year2; années
 year3; années
, ;, 
: ; : 
3D;3D
3DType;Type 3D
5.1.2ch;
5.1.4ch;
5.1ch;
608_Mode;
7.1.2ch;
7.1ch;
About;À propos de
About_Hint;Comment contacter l'auteur ? Comment trouver la dernière version ?
Accompaniment;Accompagnement
Active_DisplayAspectRatio;Format actif à l'écran
Active_Height;Hauteur active
Active_Width;Largeur active
ActiveFormatDescription;Description du format actif
ActiveFormatDescription_MuxingMode;Description du format actif, mode multiplexage
Actor;Acteur
Actor_Character;Personnage joué
Add creation date to text output;
Add version to text output;
Added_Date;Date d'ajout
Address;Adresse
AdID;Identifiant Ad
ADM: Show ChannelFormats;
ADM: Show TrackUIDs;
AdmProfile;
Advanced;Avancé
Advanced mode;Mode avancé
Album;Album
Album_ReplayGain_Gain;Gain en lecture de l'album
Album_ReplayGain_Peak;Crête de gain en lecture de l'album
Alignment;Alignement
Alignment_Aligned;Aligné sur les entrecalés
Alignment_Split;Eparpillé à travers les entrecalés
All;Tout
AlternateGroup;Groupe alternatif
Archival_Location;Archivé à
Arranger;Arrangement
ArtDirector;Directeur artistique
AspectRatio;Format à l'écran
AssistantDirector;Assistant-directeur
AssociatedVideo_FrameRate;
at;à
At least one file;(Vous devez ouvrir au minimum un fichier ou un dossier)
Audio;Audio
Audio stream(s);Piste(s) audio
Audio_Codec_List;Codecs audio
Audio_No;Pas d'audio
Audio1;Première piste audio
Audio2;Deuxième piste audio
AudioComments;Commentaires audio
AudioCount;Nombre de pistes audio
AudioDescription;
AudioDescriptionPresent;Présence d'audio description
AudioDescriptionType;Type d'audio description
AudioLoudnessStandard;Standard de volume sonore
AudioRenderingIndication;
AudioSceneInfoID;
AudioTrackLayout;Agencement des pistes audio
Author;Auteur / Réalisateur
Back4ToBack2;
Balance_FrontBackListener;
Balance_FrontBackOverheadFloor;
BarCode;Code-barre
Basic;Basique
Basic_Note;Note : Pour plus d'info sur ce fichier, il est possible d'utiliser une vue différente (Tableau, Arbre...)
BedChannelConfiguration;Configuration du 'bed canal'
BedChannelCount;Nombre de  'bed canal'
BinauralRenderMode;
BitDepth;Profondeur des couleurs
BitDepth_Detected;Profondeur de couleurs détectée
BitDepth_Stored;Profondeur de couleurs stockée
BitRate;Débit
BitRate_Encoded;Débit encodé
BitRate_Maximum;Débit maximum
BitRate_Minimum;Débit minimum
BitRate_Mode;Type de débit
BitRate_Mode_CBR;Constant
BitRate_Mode_VBR;Variable
BitRate_Nominal;Débit nominal
Bits-(Pixel*Frame);Bits/(Pixel*Image)
BufferSize;Taille du tampon
Cancel;Annuler
CaptionServiceName;
CatalogNumber;
Channel(s);Canal(aux)
ChannelCoded;
ChannelConfiguration;
ChannelFormat;
ChannelLayout;Agencement de canal
ChannelMode;
ChannelPositions;Position des canaux
Chapter(s);Chapitre(s)
Chapters;Chapitres
Chapters stream(s);Piste(s) de chapitre
Chapters_Codec_List;Codecs de chapitre
Chapters_No;Pas de chapitres
ChaptersCount;Nombre de pistes de chapitres
CharacterSet;
CheckNewVersion;Recherche de Mise à Jour
Choose custom;Choix personnalisés
Choose custom sheet;Choisir le tableau à personnaliser
Choose custom text;Choisir le texte à personnaliser
Choose export format;Choisir le format d'exportation
Choose file(s);Choisir le(s) fichier(s) à ouvrir
Choose filename;Choisir le nom du fichier
Choose language;Choisir la langue à personnaliser
Choreographer;Responsable de la chorégraphie
Chroma;Chrominance
ChromaSubsampling;Sous-échantillonnage de la chrominance
Classifier;
ClearList;Vider la liste
Close;Fermer
Close all before open;Tout fermer avant d'ouvrir
ClosedCaptionsLanguage;Langue des sous-titres pour malentendants
ClosedCaptionsPresent;Présence de sous-titres pour malentendants
ClosedCaptionsType;Type de sous-titres pour malentendants
Codec;Codec
Codec_Description;Description du codec
Codec_Info;Informations sur le Codec
Codec_Profile;Profil du codec
Codec_Settings;Paramètres du codec
Codec_Settings_BVOP;Paramètres du codec, BVOP
Codec_Settings_CABAC;Paramètres du codec, CABAC
Codec_Settings_Endianness;Paramètres du codec, Boutisme
Codec_Settings_Firm;Paramètres du codec, Entreprise
Codec_Settings_Floor;Paramètres du codec, Seuil
Codec_Settings_GMC;Paramètres du codec, GMC
Codec_Settings_ITU;Paramètres du codec, ITU
Codec_Settings_Law;Paramètres du codec, Law
Codec_Settings_Matrix;Paramètres du codec, Matrice
Codec_Settings_PacketBitStream;Paramètres du codec, Packet bitstream
Codec_Settings_QPel;Paramètres du codec, QPel
Codec_Settings_Sign;Paramètres du codec, Signe
Codec_Url;Lien Internet sur le codec
CodecConfigurationBox;Configuration des codecs
CodecID;Identifiant du codec
CodecID_Description;Description de l'ID du codec
CoDirector;Codirecteur
Collection;Collection
Colorimetry;Colorimétrie
ColorSpace;Espace de couleurs
colour_primaries;Coordonnées de chromaticité
colour_range;Gamme de couleurs
Comment;Commentaire
CommissionedBy;Commanditaire
Compilation;Compilation
ComplementaryObject;
CompleteName;Nom complet
CompletionDate;Date d'achèvement
ComplexityIndex;Index de complexité
Composer;Compositeur
Compression_Mode;Mode de compression
Compression_Mode_Lossless;Sans perte
Compression_Mode_Lossy;Avec perte
Compression_Ratio;Taux de compression
Conductor;Chef d'orchestre
ConformanceCheck;Contrôde de conformité
ConformanceErrors;
ConformanceInfos;
ConformanceWarnings;
ContactEmail;e-mail de contact
ContactTelephoneNumber;N° de téléphone de contact
Container and general information;Conteneur et informations générales
Content;
ContentType;Type de contenu
CoProducer;Coproducteur
Copyright;Copyright
CopyrightYear;Année du Copyright
CostumeDesigner;Responsable des costumes
Count;Nombre
Country;Pays
Cover;Couverture
Cover_Datas;Données
Cover_Description;Description
Cover_Mime;MIME MailExtension
Cover_Type;Origine
Cropped;Dimensions du retaillage
Custom;Sortie personnalisée
CustomDownmixTargets;
Customize;Personnalisation
DarkMode;Mode sombre
Date;Date
Debug;Debogage
Decimal point;Point décimal
Default;
Default_Setting;Paramètre par défaut
DefaultTargetDeviceConfig;
Delay;Délai
Delay_Source;Délai, origine
Delay_Source_Container;Conteneur
Delay_Source_Stream;Flux brut
Delete;Supprimer
Description;Description
Details;
dialnorm;
DialogueCorrected;
DialogueEnhancement;
DialogueNormalization;
Digitized_Date;Date de numérisation
Dimensions;Dimensions
Director;Réalisateur
DirectorOfPhotography;Directeur de la photographie
Disabled;Désactivé
DisplayAspectRatio;Format d'affichage l/h
DisplayAspectRatio_CleanAperture;Ratio, Ouverture propre
DisplayAspectRatio_Original;Ratio original l/h
DistributedBy;Distribué par
Distributor;Distributeur
Dolby_Atmos_Metadata;
DolbyAtmos;
Donate;Faire un don
DotsPerInch;Point par pouce
Downmix;
Downmix_5.1.x;
Downmix_5to2;
DrcSets_Count;Définition comptage DRC
DrcSets_Effects;Type(s) d'effet(s) DRC
Duration;Durée
Duration_End;Heure de fin
Duration_End_Command;
Duration_Start;Heure de début
Duration_Start_Command;
Duration_Start2End;
DynamicObject;
DynamicRangeControl;
Eac3DrcProfile;
Edit;Modifier
EditedBy;Monté par
EditorialClassification;
ElementaryStream;
ElementCount;Nombre d'éléments
EMail;e-mail
Enable FFmpeg plugin;
Encoded_Application;Application utilisée
Encoded_Date;Date d'encodage
Encoded_Library;Bibliothèques utilisées
Encoded_Library_Settings;Paramètres d'encodage
Encoded_Original;Support original
EncodedBy;Encodé par
EPG_Positions;Positions de l'EPG (interne)
EpisodeTitleNumber;Numéro de titre d'épisode
Error_File;Erreur lors de la lecture du fichier
Error_File_Write;Erreur lors de l'écriture du fichier
Events_MinDuration;
Events_PaintOn;
Events_PopOn;
Events_RollUp;
Events_Total;
ExecutiveProducer;Producteur exécutif
Exit;Quitter
Exit_Hint;Quitter le programme
Export;Exporter
Export_Hint;Exporter dans un format personnalisé
Extensions;Extensions généralement utilisées
External_Media_NotMounted;Le stockage externe n'est pas accessible
Family;Famille
Fax;Fax
File;Fichier
File size;Taille du fichier
File_Append;Ajouter à un fichier déjà existant (Faites attention à ce que les paramètres soient identiques)
File_Created_Date;Date de création du fichier
File_Created_Date_Local;Date de création du fichier (local)
File_Hint;Sélectionner un fichier multimédia à étudier
File_Modified_Date;Dernière modification du fichier
File_Modified_Date_Local;Dernière modification du fichier (local)
FileExtension;Extension du fichier
FileName;Nom du fichier
FileNameExtension;Nom du fichier avec extension
FileSize;Taille du fichier
FirstDisplay_Delay_Frames;
FirstDisplay_Type;
FirstFrameOfAction;
FlatPanelTv;
FlowID;
Folder;Dossier
Folder (R);Dossier (R)
Folder (R)_Hint;Sélectionner un dossier à étudier (avec tous ses sous-dossiers)
Folder (Recursively);Dossier (Récursivement)
Folder_Hint;Sélectionner un dossier à étudier
FolderName;Nom du dossier
Forced;
Format;Format
Format_Commercial;Nom commercial
Format_Commercial_IfAny;Nom commercial IfAny
Format_Compression;Compression
Format_Description;Description
Format_Info;Informations
Format_Level;Niveau
Format_Profile;Profil
Format_Settings;Paramètres
Format_Settings_BVOP;Paramètres, BVOP
Format_Settings_CABAC;Paramètres, CABAC
Format_Settings_Emphasis;Paramètres, Emphase
Format_Settings_Endianness;Paramètres, Boutisme
Format_Settings_Firm;Paramètres, Entreprise
Format_Settings_Floor;Paramètres, Seuil
Format_Settings_FrameMode;Paramètres, Répétition
Format_Settings_GMC;Paramètres, GMC
Format_Settings_GOP;Paramètres, GOP
Format_Settings_ITU;Paramètres, ITU
Format_Settings_Law;Paramètres, Law
Format_Settings_Matrix;Paramètres, Matrice
Format_Settings_Matrix_Custom;Paramètres, Matrice personnalisé
Format_Settings_Matrix_Default;Paramètres, Matrice par défaut
Format_Settings_Mode;Paramètres, Mode
Format_Settings_ModeExtension;Paramètres, Extension
Format_Settings_PacketBitStream;Paramètres, Packet bitstream
Format_Settings_PictureStructure;Paramètres, Structure d'image
Format_Settings_PS;Paramètres, PS
Format_Settings_Pulldown;Paramètres, Pulldown
Format_Settings_QPel;Paramètres, QPel
Format_Settings_RefFrames;Paramètres, RefFrames
Format_Settings_SBR;Paramètres, SBR
Format_Settings_Sign;Paramètres, Signe
Format_Settings_SliceCount;
Format_Settings_Wrapping;Paramètres, Empaquetage
Format_Tier;Palier de format
Format_Url;Lien Internet vers le format
Format_Version;Version du format
FormatDefinition;
FpaManufacturer;Fabricant FPA
FpaPass;Passe FPA
FpaVersion;Version FPA
FrameCount;Nombre d'images
FrameRate;Débit img/s
FrameRate_Maximum;Débit maxi img/s
FrameRate_Minimum;Débit mini img/s
FrameRate_Mode;Type de débit img/s
FrameRate_Mode_CFR;Constant
FrameRate_Mode_VFR;Variable
FrameRate_Nominal;Nominal img/s
FrameRate_Original;Original img/s
FrameRate_Real;
FullParsing;
General;Général
GeneralCompliance;
Genre;Genre
Genre_000;Blues
Genre_001;Rock classique
Genre_002;Country
Genre_003;Dance
Genre_004;Disco
Genre_005;Funk
Genre_006;Grunge
Genre_007;Hip-Hop
Genre_008;Jazz
Genre_009;Metal
Genre_010;New Age
Genre_011;Oldies
Genre_012;Autre
Genre_013;Pop
Genre_014;R&B
Genre_015;Rap
Genre_016;Reggae
Genre_017;Rock
Genre_018;Techno
Genre_019;Industrial
Genre_020;Alternative
Genre_021;Ska
Genre_022;Death Metal
Genre_023;Pranks
Genre_024;Musique de film
Genre_025;Euro-Techno
Genre_026;Ambient
Genre_027;Trip-Hop
Genre_028;Vocal
Genre_029;Jazz+Funk
Genre_030;Fusion
Genre_031;Trance
Genre_032;Classical
Genre_033;Instrumental
Genre_034;Acid
Genre_035;House
Genre_036;Game
Genre_037;Sound Clip
Genre_038;Gospel
Genre_039;Noise
Genre_040;Rock alternatif
Genre_041;Bass
Genre_042;Soul
Genre_043;Punk
Genre_044;Space
Genre_045;Meditative
Genre_046;Pop instrumental
Genre_047;Rock instrumental
Genre_048;Ethnic
Genre_049;Gothic
Genre_050;Darkwave
Genre_051;Techno-Industrial
Genre_052;Electronic
Genre_053;Pop-Folk
Genre_054;Eurodance
Genre_055;Dream
Genre_056;Southern Rock
Genre_057;Comedy
Genre_058;Cult
Genre_059;Gangsta
Genre_060;Top 40
Genre_061;Christian Rap
Genre_062;Pop/Funk
Genre_063;Jungle
Genre_064;Native American
Genre_065;Cabaret
Genre_066;New Wave
Genre_067;Psychedelic
Genre_068;Rave
Genre_069;Showtunes
Genre_070;Trailer
Genre_071;Lo-Fi
Genre_072;Tribal
Genre_073;Acid Punk
Genre_074;Acid Jazz
Genre_075;Polka
Genre_076;Retro
Genre_077;Musical
Genre_078;Rock & Roll
Genre_079;Hard Rock
Genre_080;Folk
Genre_081;Folk-Rock
Genre_082;Folk national
Genre_083;Swing
Genre_084;Fast Fusion
Genre_085;Bebop
Genre_086;Latin
Genre_087;Revival
Genre_088;Celtic
Genre_089;Bluegrass
Genre_090;Avantgarde
Genre_091;Rock Gothique
Genre_092;Rock Progressiste
Genre_093;Rock Psychédélique
Genre_094;Rock Symphonique
Genre_095;Slow Rock
Genre_096;Big Band
Genre_097;Chorus
Genre_098;Easy Listening
Genre_099;Acoustic
Genre_100;Humour
Genre_101;Paroles
Genre_102;Chanson
Genre_103;Opera
Genre_104;Musique de chambre
Genre_105;Sonata
Genre_106;Symphonie
Genre_107;Booty Bass
Genre_108;Primus
Genre_109;Porn Groove
Genre_110;Satire
Genre_111;Slow Jam
Genre_112;Club
Genre_113;Tango
Genre_114;Samba
Genre_115;Folklore
Genre_116;Ballade
Genre_117;Power Ballad
Genre_118;Soul Rhytmique
Genre_119;Freestyle
Genre_120;Duet
Genre_121;Punk Rock
Genre_122;Drum Solo
Genre_123;A capella
Genre_124;Euro-House
Genre_125;Dance Hall
Genre_126;Goa
Genre_127;Drum & Bass
Genre_128;Club-House
Genre_129;Hardcore
Genre_130;Terror
Genre_131;Indie
Genre_132;Brit-Pop
Genre_133;Afro-Punk
Genre_134;Polsk Punk
Genre_135;Beat
Genre_136;Christian Gangsta Rap
Genre_137;Heavy Metal
Genre_138;Black Metal
Genre_139;Crossover
Genre_140;Contemporary Christian
Genre_141;Christian Rock
Genre_142;Merengue
Genre_143;Salsa
Genre_144;Trash Metal
Genre_145;Anime
Genre_146;JPop
Genre_147;Synthpop
Genre_148;Abstract
Genre_149;Art Rock
Genre_150;Baroque
Genre_151;Bhangra
Genre_152;Big Beat
Genre_153;Breakbeat
Genre_154;Chillout
Genre_155;Downtempo
Genre_156;Dub
Genre_157;EBM
Genre_158;Eclectic
Genre_159;Electro
Genre_160;Electroclash
Genre_161;Emo
Genre_162;Experimental
Genre_163;Garage
Genre_164;Global
Genre_165;IDM
Genre_166;Illbient
Genre_167;Industro-Goth
Genre_168;Jam Band
Genre_169;Krautrock
Genre_170;Leftfield
Genre_171;Lounge
Genre_172;Math Rock
Genre_173;New Romantic
Genre_174;Nu-Breakz
Genre_175;Post-Punk
Genre_176;Post-Rock
Genre_177;Psytrance
Genre_178;Shoegaze
Genre_179;Space Rock
Genre_180;Trop Rock
Genre_181;World Music
Genre_182;Neoclassical
Genre_183;Audiobook
Genre_184;Audio Theatre
Genre_185;Neue Deutsche Welle
Genre_186;Podcast
Genre_187;Indie Rock
Genre_188;G-Funk
Genre_189;Dubstep
Genre_190;Garage Rock
Genre_191;Psybient
Go to WebSite;Visiter la page Internet de MediaInfo
Gop_OpenClosed;GOP, Ouvert/Fermé
Gop_OpenClosed_Closed;Fermé
Gop_OpenClosed_FirstFrame;Première image
Gop_OpenClosed_Open;Ouvert
Graph;
Group;
Grouping;Groupement
GroupPreset;
h; h
HDR_Format;Format HDR
Header file;Créer un fichier entête (Header)
Height;Hauteur
Height_CleanAperture;Hauteur ouverture propre
Height_Original;Hauteur originale
Help;Aide
Hint;Suggestion
HomeTheaterAvr;
How many audio streams?;Nombre de flux audio :
How many chapters streams?;Nombre de flux chapitres :
How many text streams?;Nombre de flux texte :
How many video streams?;Nombre de flux vidéo :
HTML;HTML
ID;ID
IdentClockStart;Début de l'horloge d'identification
IFrameInterval;
Image;Image
Image stream(s);Piste(s) image
Image_Codec_List;Codecs image
ImageCount;Nombre de pistes image
ImmersiveStereo;
Info;Informations
Instruments;Instruments
IntegratedLoudness;
IntegratedLoudness_Level;
IntegratedLoudness_Speech;
InteractivityEnabled;
Interlaced_BFF;Ligne du bas en 1er
Interlaced_Interlaced;Entrelacé
Interlaced_PPF;Image par champ
Interlaced_Progressive;Progressif
Interlaced_TFF;Ligne du haut en 1er
Interlacement;Entrelacement
Interleave_Duration;Durée entrelacée
Interleave_Preload;Pré-chargement entrelacée
Interleave_VideoFrames;Image vidéo entrelacée
Interleaved;Imbrication
InternetMediaType;Type de média Internet
IRCA;IRCA
ISBN;ISBN
ISRC;ISRC
Keywords;Mots clé
Known codecs;Codecs connus
Known formats;Formats connus
Known parameters;Paramètres connus
Label;Étiquette
Language;Langue
Language_aa;Afar
Language_ab;Abkhaze
Language_ae;Avestique
Language_af;Afrikaans
Language_ak;Akan
Language_am;Amharique
Language_an;Aragonais
Language_ar;Arabe
Language_as;Assamais
Language_av;Avar
Language_ay;Aymara
Language_az;Azéri
Language_ba;Bachkir
Language_be;Biélorusse
Language_bg;Bulgare
Language_bh;Bihari
Language_bi;Bichlamar
Language_bm;Bambara
Language_bn;Bengali
Language_bo;Tibétain
Language_br;Breton
Language_bs;Bosniaque
Language_ca;Catalan
Language_ce;Tchétchène
Language_ch;Chamorro
Language_cmn;
Language_co;Corse
Language_cr;Cree
Language_cs;Tchèque
Language_cu;Slave
Language_cv;Tchouvache
Language_cy;Gallois
Language_da;Danois
Language_de;Allemand
Language_dv;Maldivien
Language_dz;Dzongkha
Language_ee;Éwé
Language_el;Grec
Language_en;Anglais
Language_en-gb;Anglais (Royaume-Uni)
Language_en-us;Anglais (États-Unis)
Language_eo;Espéranto
Language_es;Espagnol
Language_es-419;Espagnol (Amérique latine)
Language_et;Estonien
Language_eu;Basque
Language_fa;Persan
Language_ff;Peul
Language_fi;Finnois
Language_fil;
Language_fj;Fidjien
Language_fo;Féroïen
Language_fr;Français
Language_fy;Frison
Language_ga;Irlandais
Language_gd;Gaélique
Language_gl;Galicien
Language_gn;Guarani
Language_gu;Goudjrati
Language_gv;Manx
Language_ha;Haoussa
Language_he;Hébreu
Language_hi;Hindi
Language_ho;Hiri motu
Language_hr;Croate
Language_ht;Haïtien
Language_hu;Hongrois
Language_hy;Arménien
Language_hy-az;Arménien (Azerbaïdjanais)
Language_hz;Héréro
Language_ia;Langue auxiliaire internationale
Language_id;Indonésien
Language_ie;Interlingue
Language_ig;Igbo
Language_ii;Yi de Sichuan
Language_ik;Inupiaq
Language_Info;Informations sur la langue
Language_io;Ido
Language_is;Islandais
Language_it;Italien
Language_iu;Inuktitut
Language_ja;Japonais
Language_jv;Javanais
Language_ka;Géorgien
Language_kg;Kongo
Language_ki;Kikuyu
Language_kj;Kuanyama
Language_kk;Kazakh
Language_kl;Groenlandais
Language_km;Khmer
Language_kn;Kannada
Language_ko;Coréen
Language_kr;Kanouri
Language_ks;Kashmiri
Language_ku;Kurde
Language_kv;Komi
Language_kw;Cornique
Language_ky;Kirghize
Language_la;Latin
Language_lb;Luxembourgeois
Language_lg;Ganda
Language_li;Limbourgeois
Language_ln;Lingala
Language_lo;Lao
Language_lt;Lituanien
Language_lu;Luba-katanga
Language_lv;Letton
Language_mg;Malgache
Language_mh;Marshall
Language_mi;Maori
Language_mk;Macédonien
Language_ml;Malayalam
Language_mn;Mongol
Language_mn-cn;Mongol (Chinois)
Language_mo;Roumain
Language_More;Plus de langues
Language_mr;Marathe
Language_ms;Malais
Language_ms-bn;Malais (Brunei)
Language_mt;Maltais
Language_mul;Langues multiples
Language_my;Birman
Language_na;Nauruan
Language_nb;Norwegian bokmål
Language_nd;Ndébélé du Nord
Language_ne;Népalais
Language_ng;Ndonga
Language_nl;Néerlandais
Language_nl-be;Flamand belge
Language_nn;Norvégien Bokmål
Language_no;Norvégien
Language_nr;Ndébélé du Sud
Language_nv;Navaho
Language_ny;Nyanja
Language_oc;Occitan
Language_oj;Ojibwa
Language_om;Galla
Language_or;Oriya
Language_os;Ossète
Language_pa;Panjâbî
Language_pi;Pali
Language_pl;Polonais
Language_ps;Pachto
Language_pt;Portugais
Language_pt-br;Portugais (Brésil)
Language_qu;Quechua
Language_rm;Rhéto-roman
Language_rn;Rundi
Language_ro;Roumain
Language_ru;Russe
Language_rw;Rwanda
Language_sa;Sanskrit
Language_sc;Sarde
Language_sd;Sindhi
Language_se;Sami du Nord
Language_sg;Sango
Language_si;Singhalais
Language_sk;Slovaque
Language_sl;Slovène
Language_sm;Samoan
Language_smi;Samis
Language_sn;Shona
Language_so;Somali
Language_sq;Albanais
Language_sr;Serbe
Language_ss;Swati
Language_st;Sotho du Sud
Language_su;Soundanais
Language_sv;Suédois
Language_sw;Swahili
Language_ta;Tamoul
Language_te;Télougou
Language_tg;Tadjik
Language_th;Thaï
Language_ti;Tigrigna
Language_tk;Turkmène
Language_tl;Tagalog
Language_tn;Tswana
Language_to;Tongan
Language_tr;Turc
Language_ts;Tsonga
Language_tt;Tatar
Language_tw;Twi
Language_ty;Tahitien
Language_ug;Ouïgour
Language_uk;Ukrainien
Language_ur;Ourdou
Language_uz;Ouszbek
Language_ve;Venda
Language_vi;Vietnamien
Language_vo;Volapük
Language_wa;Wallon
Language_wo;Wolof
Language_xh;Xhosa
Language_yi;Yiddish
Language_yo;Yoruba
Language_yue;
Language_za;Zhuang
Language_zh;Chinois
Language_zh-cmn;
Language_zh-cn;Chinois (Chine)
Language_zh-CN;
Language_zh-Hans;
Language_zh-Hant;
Language_zh-tw;Chinois (Taiwan)
Language_zh-TW;
Language_zh-yue;
Language_zu;Zoulou
LawRating;Classé
LCCN;LCCN
LfeAttenuationKnown;
LfeMixGain;
Library;Bibliothèques utilisées
Lifetime_Subscribe_Button;S'abonner à vie pour %PRICE%
Lightness;Luminosité
Lines_Count;
Lines_MaxCountPerEvent;
LineUpStart;Début de l'alignement
LinkedTo_Bed_Pos;
LinkedTo_ChannelFormat_Pos;
LinkedTo_ComplementaryObject_Pos;
LinkedTo_Content_Pos;
LinkedTo_Group_Pos;
LinkedTo_Object_Pos;
LinkedTo_PackFormat_Pos;
LinkedTo_SignalGroup_Pos;
LinkedTo_StreamFormat_Pos;
LinkedTo_Substream_Pos;
LinkedTo_TrackFormat_Pos;
LinkedTo_TrackUID_Pos;
List;Liste
LongTermLoudness;
LoRoCenterMixGain;
LoRoSurroundMixGain;
Loudness_Anchor;Ancrage du niveau sonore
Loudness_Anchor_Album;Ancrage du niveau sonore (album)
Loudness_Count;Compteur d'informations niveau sonore
Loudness_Count_Album;Compteur d'informations niveau sonore (album)
Loudness_MaximumMomentary;Niveau sonore maximal momentané
Loudness_MaximumMomentary_Album;Niveau sonore maximal momentané (album)
Loudness_MaximumOfRange;Maximum de la gamme
Loudness_MaximumOfRange_Album;Maximum de la gamme (album)
Loudness_MaximumShortTerm;Niveau sonore maximal à court terme
Loudness_MaximumShortTerm_Album;Niveau sonore maximal à court terme (album)
Loudness_ProductionMixingLevel;Niveau de mixage de production
Loudness_ProductionMixingLevel_Album;Niveau mixage de production (album)
Loudness_Program;Niveau sonore du programme
Loudness_Program_Album;Niveau sonore du programme (album)
Loudness_Range;Gamme de niveau sonore
Loudness_Range_Album;Gamme de niveau sonore (album)
Loudness_RoomType;Type de salle de production
Loudness_RoomType_Album;Type de salle de production (album)
LtRtCenterMixGain;
LtRtSurroundMixGain;
Lyricist;Parolier
Lyrics;Paroles
Mastered_Date;Date de création
MasteredBy;Créé par
MasteringDisplay_ColorPrimaries;Maîtriser les couleurs primaires à l'écran
MasteringDisplay_Luminance;Maîtriser la luminosité de l'écran
Matrix_Channel(s);Encodage matriciel, canaux
Matrix_ChannelPositions;Encodage matriciel, positions de canal
matrix_coefficients;Coefficients de la matrice
Matrix_Format;Format de la matrice
MaxCLL;Niveau de luminosité maximal du contenu
MaxFALL;Niveau de luminosité moyen du contenu
MaxGain;
MaximumMomentaryLoudness;
MaxTruePeak;
MD5;
MD5_Unencoded;
MediaInfo_About;   MediaInfo fournit des informations techniques ainsi que les tags concernant vos fichiers Audio et Vidéo.\r\n   Excepté l'interface graphique de l'App Store Mac, c'est un logiciel libre, ce qui signifie qu'il est gratuit pour l'utilisateur final et que les développeurs ont la liberté de l'étudier, de l'améliorer et de le redistribuer (licence BSD)
MediaInfo_About_About;MediaInfo v%MI_VERSION% basé sur MediaInfoLib v%MIL_VERSION%
Menu;Menu
Menu stream(s);Menu piste(s)
Menu_Codec_List;Menu codecs
Menu_Hint;Plus de possibilités
Menu_No;Pas de menu
MenuCount;Nombre de menu
MenuID;Identité de menu
Metadata_Format;
Metadata_Format_Type;
Metadata_MuxingMode;
MixType;
mn; min
Mood;Humeur
More;Plus
Movie;Nom du film
ms; ms
MSDI;MSDI
MultipleStream;
MusicBy;Musique par
MultiView_Count;
MuxingMode;Type de mixage
MuxingMode_MoreInfo;Plus d'Info sur le type de mixage 
MuxingMode_PackedBitstream;Flux binaire empaqueté
Name;Nom
Nationality;Nationalité
NetworkName;Nom du réseau
New;Nouveau
Newest version;Vérifier si une nouvelle version existe
NewVersion_Menu;Une nouvelle version est disponible
NewVersion_Question_Content;Une nouvelle version (v%Version%) est disponible, procéder au téléchargement ?
NewVersion_Question_Title;Une nouvelle version est sortie !
No;Non
Not yet;Pas encore
NumberOfChannelFormats;
NumberOfContents;
NumberOfDynamicObjects;
NumberOfElementaryStreams;
NumberOfObjects;
NumberOfPackFormats;
NumberOfPresentations;
NumberOfProgrammes;
NumberOfStreamFormats;
NumberOfSubstreams;
NumberOfTrackFormats;
NumberOfTrackUIDs;
NumColors;Code de couleurs
Object;
ObjectCount;
OK;OK
One output file per input file;Erreur de lecture du fichier
Open;Ouvrir
OpenCaptionsLanguage;Langue des sous-titres ouverts
OpenCaptionsPresent;Présence des sous-titres ouverts
OpenCaptionsType;Type de sous-titres ouverts
Options;Options
Options_Hint;Préférences
Original;Original
OriginalNetworkName;Nom d'origine du réseau
OriginalSourceForm;Format d'origine
OriginalSourceMedium;Support d'origine
OriginalSourceMedium_ID;Identité du support d'origine
Originator;Auteur
Other;Autre
OtherIdentifier;Autre identifiant
OtherIdentifierType;Autre type d'identifiant
Output;Sortie
Output format;Format de sortie
OverallBitRate;Débit global
OverallBitRate_Maximum;Débit global maximum
OverallBitRate_Minimum;Débit global minimum
OverallBitRate_Mode;Type de débit global
OverallBitRate_Nominal;Débit global nominal
PackageName;Nom du paquet
PackFormat;
Part;Partie
Part_Count;Nombre de parties
PartNumber;Numéro de la partie
PartTotal;Total de parties
Performer;Interprète
Period;Période
Phase90FilterInfo;
Phase90FilterInfo2ch;
Phone;Téléphone
PictureRatio;Format d'image
PixelAspectRatio;Taille du pixel
PixelAspectRatio_CleanAperture;Taille du pixel ouverture propre
PixelAspectRatio_Original;Taille originale du pixel
PlayCounter;Compteur de lecture
Played_Count;Nombre de lectures
Played_First_Date;Première lecture le
Played_Last_Date;Dernière lecture le
PlayTime;Durée
PodcastCategory;Catégorie de podcasts
PortableHeadphones;
PortableSpeakers;
Position;Position
Position_Cartesian;
Position_Polar;
Position_Total;Total
Preferences;Préférences
PreferredDownmix;
Premium;Premium
Premium_Summary;Fonctionnalités pour les abonnés premium
PreselectionLabel;
Presentation;
PresentationConfig;
PresentationConfig_ContentClassifier;
PresentationID;
PreviousDownmixType5ch;
PreviousMixType2ch;
PrimaryAudioLanguage;Langue audio principale
Producer;Producteur
ProductionDesigner;Directeur artistique
ProductionNumber;Numéro de série
ProductionStudio;Studio de production
ProductPlacement;Placement de produit
Programme;
ProgrammeHasText;Le programme contient un sous-titrage
ProgrammeTextLanguage;Langue du sous-titrage du programme
ProgrammeTitle;Titre du programme
Publisher;Publicateur
Purchased_Date;Date d'achat
Quote character;Caractère de citation
RadioStation;Station de radio
Rating;Note
RealtimeLoudnessCorrected;
Recorded_Date;Date d'enregistrement
Recorded_Location;Lieu d'enregistrement
Reel;
Released_Date;Date de première diffusion
RemixedBy;Remixé par
RenderMode;
Renew;Renouveler
ReplayGain_Gain;Gain en lecture
ReplayGain_Peak;Crête de gain en lecture
Report;Rapport
Resolution;Résolution
RestoreLifetimeSubscription;Restaurer l'abonnement à vie
s; s
SamplePeakLevel;Niveau crête de l'échantillon
SamplePeakLevel_Album;Niveau crête de l'échantillon (album)
SamplesPerFrame;Échantillons par image
SamplingCount;Nombre d'échantillons
SamplingRate;Échantillonnage
Save;Sauvegarder
ScanOrder;Ordre de balayage
ScanOrder_Original;Ordre original
ScanOrder_Stored;Ordre stocké
ScanOrder_StoredDisplayedInverted;Ordre inversé entre Affiché/Stocké
ScanOrder_StoreMethod;Mode d'enregistrement de l'ordre
ScanType;Type de balayage
ScanType_Original;Type original
ScanType_StoreMethod;Mode d'enregistrement du type
ScreenplayBy;Joué par
ScreenToCenter;
ScreenToFront;
Season;Saison
SecondaryAudioLanguage;Langue audio secondaire
see below;Voir ci-dessous
Send HeaderFile;Merci de m'envoyer le fichier Header ici : http://sourceforge.net/projects/mediainfo/ (partie Bugs)
Separator_Columns;Séparateur de colonnes
Separator_Lines;Séparateur de lignes
SeriesTitle;Titre de la série
ServiceChannel;Canal du service
ServiceKind;Genre de service
ServiceName;Nom du service
ServiceProvider;Fournisseur du service
ServiceType;Type de service
Set;Réglage
Set_Count;Nombre de réglages
Setup;Configuration
Sharpness;Netteté
Sheet;Tableau
Sheet (Complete);Tableau (Complet)
Shell extension;Extension du Shell (un choix 'Media Info' est propos é lors du clic droit sur un fichier multimédia)
Shell extension, folder;Extension du Shell pour les répertoires
Shell InfoTip;Bulle d'aide dans l'Explorateur (passer la souris en survol sur un fichier multimédia visualise toutes ses infos)
ShimName;Nom du calage
ShimVersion;Version du calage
Show menu;Afficher la barre des menus
Show toolbar;Afficher la barre d'outils
SignalGroup;
SigningPresent;Signature présente
SignLanguage;Langue des signes
Sort;Trié par
SoundCategory;
SoundEngineer;Ingénieur du son
Source;Source
Source_Duration;Durée de la source
Source_FrameCount;Nombre d'images de la source
Source_SamplingCount;Nombre d'échantillons de la source
Source_StreamSize;Taille du flux source
Source_StreamSize_Encoded;Taille du flux encodé source
SpokenSubtitles;
Standard;Norme
StoreMethod_InterleavedFields;Trames entrelacées
StoreMethod_SeparatedFields;Trames séparées
StoreMethod_SeparatedFields_1;Trames séparées (1 trame par bloc)
StoreMethod_SeparatedFields_2;Trames séparées (2 trames par bloc)
Stream;Type de flux
Stream_MoreInfo;Plus d'info au sujet de ce flux
StreamCount;Nombre de pistes de ce type
StreamFormat;
StreamID;Identité de flux
streamIdentifier;Identifiant de flux
StreamKind;Type de flux
StreamKindID;Identifiant du flux
StreamKindPos;Identifiant du flux
StreamSize;Taille du flux
StreamSize_Demuxed;Taille du flux démultiplexé
StreamSize_Encoded;Taille du flux encodé
StreamSize_Proportion;Proportion de ce flux
Subject;Sujet
Subscribe;S'abonner
Subscribe_Button;S'abonner (%PRICE% pour un an)
Subscribe_Failed;Achat annulé ou échoué
Subscribe_Manage;Gérer l'abonnement
Subscribe_Renew;Renouveler l'abonnement ?
Subscribe_Renew_Price;Renouveler l'abonnement (%PRICE% pour un an)
Subscribe_Unaviable;Impossible de récupérer les détails de l'abonnement.
Subscribe_Waiting;Abonnement en attente d'autorisation parentale
Subscription_Active;Abonnement actif jusqu'au %DATE%
Subscription_Android;Période d'essai gratuite de 3 jours.
Subscription_Ended;Votre abonnement vient de se terminer.
Subscription_Expired;Abonnement expiré depuis le %DATE%
Subscription_Lifetime;Abonnement à vie detecté
Subscription_Thanks;Abonnement détecté. Merci pour votre soutien !
Substream;
SubTrack;Sous-piste
SubtstreamIdChannel;
Summary;Résumé
Supported formats;Formats supportés
Supported?;Supporté ?
SupportUs;Nous Soutenir, Et obtenir le thème sombre ainsi que d'autres fonctionnalités à venir.
SurroundAttenuationKnown;
SwitchGroup;
Synopsis;Synopsis
SystemId;Id système
Tagged_Application;Application de marquage
Tagged_Date;Date de marquage
TargetDeviceConfig;
Technician;Technicien
TermsOfUse;Conditions d'utilisation
TertiaryAudioLanguage;Langue audio tertiaire
Text;Texte
Text - Custom;Personnaliser les textes
Text (HTML);Texte (HTML)
Text stream(s);Sous-titre(s)
Text streams;Sous-titres
Text_Codec_List;Codecs sous-titres
Text_No;Pas de sous-titres
Text1;Sous-titres 1
Text2;Sous-titres 2
Text3;Sous-titres 3
TextCount;Nombre de pistes sous-titres
TextlessElementsExist;Des éléments sans texte existent
ThanksTo;Remerciements
Thousands separator;Séparateur de milliers
TimeCode;Index temporel
TimeCode_FirstFrame;Index temporel de la première image
TimeCode_LastFrame;
TimeCode_MaxFrameNumber;
TimeCode_MaxFrameNumber_Theory;
TimeCode_Settings;Paramètres de l'index temporel
TimeCode_Source;Source de l'index temporel
TimeCode_Stripped;Index temporel calculé
TimeStamp;Horodatage
TimeZone;Fuseau horaire
Title;Titre
Title_More;Plus de titres
Top4ToTop2;
TopBackToFront;
TopBackToSide;
TopFrontToBack;
TopFrontToFront;
TopFrontToSide;
Total;Total
TotalNumberOfParts;Nombre total de parties
TotalProgrammeDuration;Durée totale du programme
Track;Piste
Track_Count;Nombre de pistes
TrackFormat;
TrackIndex;
TrackUID;
transfer_characteristics;Caractéristiques du transfert
Translate_Reports;Traduire les rapports
Translator;Traducteur
Transport;
Tree;Arbre
Tree & Text;Arbre & Texte
Trim_Center;
Trim_Height;
Trim_Surround;
TrimMode;
TrimMode0i;
TrimMode1i;
TrimMode2i;
TrimMode3i;
TrimMode4i;
TrimMode5i;
TrimMode6i;
TrimMode7i;
TrimMode8i;
TruePeakLevel;Niveau de crête réel
TruePeakLevel_Album;Niveau de crête réel (album)
Type;Type
TypeDefinition;
UniqueID;Identifiant unique
UniversalAdID;Identité Ad universelle
UniversalAdID_Registry;Registre d'identité Ad universelle
UniversalAdID_Value;Valeur d'identité Ad universelle
Unknown;Inconnu
Url;Lien Internet
Video;Vidéo
Video stream(s);Piste(s) vidéo
Video_Codec_List;Codecs vidéo
Video_Delay;Délai vidéo relatif
Video_No;Pas de vidéo
Video0_Delay;Délai par rapport à la vidéo
Video1;Première piste vidéo
VideoComments;Commentaires vidéo
VideoCount;Nombre de pistes vidéo
View;Vue
View_Hint;Mode d'affichage des informations
Views;Vues
Warning : more streams in the files;Attention : Il y a davantage de flux dans les fichiers !
Web;Web
WebSite;Site Internet
WebSite_Audio;Visiter la page Internet du codec audio
WebSite_Audio_More;Visiter la page Internet (%Url%) du codec audio
WebSite_General;Visiter la page Internet d'un lecteur pour ce fichier
WebSite_General_More;Visiter la page Internet (%Url%) d'un lecteur pour ce fichier
WebSite_Text;Visiter la page Internet du codec texte
WebSite_Text_More;Visiter la page Internet (%Url%) du codec texte
WebSite_Url;http://MediaArea.net/fr/MediaInfo/
WebSite_Video;Visiter la page Internet du codec vidéo
WebSite_Video_More;Visiter la page Internet (%Url%) du codec vidéo
Width;Largeur
Width_CleanAperture;Largeur ouverture propre
Width_Original;Largeur originale
WriteMe;Écrire à l'auteur
WriteToTranslator;Écrire au traducteur
Written_Date;Date d'écriture
Written_Location;Lieu d'écriture
WrittenBy;Écrit par
Yes;Oui
Your system;Votre système
ZZ_Automatic_Percent;85
ZZ_AutomaticLanguage_Percent;86